tamaño_clave,keygen,encrypt,decrypt
512,0.007661,0.000013,0.000495
768,0.025056,0.000017,0.001148
1024,0.061599,0.000025,0.002546
